title	author	group	year	seq
The Iliad	Homer	4	-700	14
The Odyssey	Homer	4	-700	15
The Suppliant Maidens	Aeschylus	5	-458	16
The Persians	Aeschylus	5	-472	17
Seven Against Thebes	Aeschylus	5	-467	18
Prometheus Bound	Aeschylus	5	-424	19
The Oresteia	Aeschylus	5	-450	20
Agamemnon	Aeschylus	5	-450	21
Choephoroe	Aeschylus	5	-450	22
The Eumenides	Aeschylus	5	-450	23
Oedipus the King	Sophocles	5	-429	24
Oedipus at Colonus	Sophocles	5	-401	25
Antigone	Sophocles	5	-450	26
Ajax	Sophocles	5	-450	27
Electra	Sophocles	5	-450	28
The Trachiniae	Sophocles	5	-425	29
Philoctetes	Sophocles	5	-409	30
Rhesus	Euripides	5	-440	31
Medea	Euripides	5	-431	32
Hippolytus	Euripides	5	-428	33
Alcestis	Euripides	5	-438	34
Heracleidae	Euripides	5	-430	35
The Suppliants	Euripides	5	-458	36
The Trojan Women	Euripides	5	-415	37
Ion	Euripides	5	-412	38
Helen	Euripides	5	-412	39
Andromache	Euripides	5	-425	40
Electra	Euripides	5	-414	41
Bacchantes	Euripides	5	-405	42
Hecuba	Euripides	5	-424	43
Heracles Mad	Euripides	5	-416	44
The Phoenician Women	Euripides	5	-425	45
Orestes	Euripides	5	-404	46
Iphigenia in Tauris	Euripides	5	-412	47
Iphigenia in Aulis	Euripides	5	-406	48
The Acharnians	Aristophanes	5	-425	49
The Knights	Aristophanes	5	-424	50
The Clouds	Aristophanes	5	-423	51
The Wasps	Aristophanes	5	-422	52
Peace	Aristophanes	5	-421	53
The Birds	Aristophanes	5	-414	54
The Frogs	Aristophanes	5	-405	55
Lysistrata	Aristophanes	5	-411	56
Thesmophoriazusae	Aristophanes	5	-411	57
Ecclesiazousae	Aristophanes	5	-391	58
Plutus	Aristophanes	5	-388	59
The History	Herodotus	6	-430	60
History of the Peloponnesian War	Thucydides	6	-400	61
Dialogues	Plato	7	-370	62
Charmides	Plato	7	-390	63
Lysis	Plato	7	-387	64
Laches	Plato	7	-390	65
Protagoras	Plato	7	-390	66
Euthydemus	Plato	7	-367	67
Cratylus	Plato	7	-367	68
Phaedrus	Plato	7	-367	69
Ion	Plato	7	-390	70
Symposium	Plato	7	-367	71
Meno	Plato	7	-367	72
Euthyphro	Plato	7	-390	73
Apology	Plato	7	-390	74
Crito	Plato	7	-390	75
Phaedo	Plato	7	-367	76
Gorgias	Plato	7	390	77
The Republic	Plato	7	-375	78
Timaeus	Plato	7	-387	79
Critias	Plato	7	-387	80
Parmenides	Plato	7	-367	81
Theaetetus	Plato	7	-367	82
Sophist	Plato	7	-361	83
Statesman	Plato	7	-387	84
Philebus	Plato	7	-387	85
Laws	Plato	7	-367	86
The Seventh Letter	Plato	7	-352	87
Categories	Aristotle	8	-322	88
On Interpretation	Aristotle	8	-322	89
Prior Analytics	Aristotle	8	-350	90
Posterior Analytics	Aristotle	8	-322	91
Topics	Aristotle	8	-322	92
Sophistical Refutations	Aristotle	8	-322	93
Physics	Aristotle	8	-350	94
On the Heavens	Aristotle	8	-350	95
On Generation and Corruption	Aristotle	8	-322	96
Meteorology	Aristotle	8	-340	97
Metaphysics	Aristotle	8	-322	98
On the Soul	Aristotle	8	-350	99
Minor biological works	Aristotle	8	-322	100
On Sense and the Sensible	Aristotle	8	-322	101
On Memory and Reminisence	Aristotle	8	-350	102
On Sleep and Sleeplessness	Aristotle	8	-322	103
On Dreams	Aristotle	8	-322	104
On Prophesying by Dreams	Aristotle	8	-322	105
On Longevity and Shortness of Life	Aristotle	8	-322	106
On Youth and Old Age, On Life and Death, On Breathing	Aristotle	8	-322	107
History of Animals	Aristotle	9	-322	108
Parts of Animals	Aristotle	9	-350	109
On the Motion of Animals	Aristotle	9	-322	110
On the Gait of Animals	Aristotle	9	-322	111
On the Generation of Animals	Aristotle	9	-322	112
Nicomachean Ethics	Aristotle	9	-322	113
Politics	Aristotle	9	-322	114
The Athenian Constitution	Aristotle	9	-322	115
Rhetoric	Aristotle	9	-322	116
Poetics	Aristotle	9	-335	117
The Hippocratic Oath	Hippocrates	10	-370	118
On Ancient Medicine	Hippocrates	10	-400	119
On Airs, Water, and Places	Hippocrates	10	-400	120
The Book of Prognostics	Hippocrates	10	-400	121
On Regimen in Acute Diseases	Hippocrates	10	-400	122
Of the Epidemics	Hippocrates	10	-400	123
On Injuries of the Head	Hippocrates	10	-400	124
On the Surgery	Hippocrates	10	-400	125
On Fractures	Hippocrates	10	-400	126
On the Articulations	Hippocrates	10	-400	127
Instruments of Reduction	Hippocrates	10	-400	128
Aphorisms	Hippocrates	10	-400	129
The Law	Hippocrates	10	-400	130
The Ulcer	Hippocrates	10	-400	131
On Fistulae	Hippocrates	10	-400	132
On Hemorrhoids	Hippocrates	10	-400	133
On the Sacred Disease	Hippocrates	10	-400	134
On the Natural Faculties	Galen	10	199	135
The Thirteen Books of Euclid's Elements	Euclid	11	-300	136
On the Sphere and Cylinder	Archimedes	11	-225	137
Measurement of a Circle	Archimedes	11	-250	138
On Conoids and Spheroids	Archimedes	11	-212	139
On Spirals	Archimedes	11	-225	140
On the Equilibrium of Planes	Archimedes	11	-212	141
The Sand Reckoner	Archimedes	11	-212	142
The Quadrature of the Parabola	Archimedes	11	-212	143
On Floating Bodies	Archimedes	11	-212	144
Book of Lemmas	Archimedes	11	-212	145
The Method Treating of Mechanical Problems	Archimedes	11	-212	146
On Conic Sections	Apollonius of Perga	11	-190	147
Introduction to Arithmetic	Nicomachus of Gerasa	11	120	148
On the Nature of Things	Lucretius	12	1473	149
The Discourses	Epictetus	12	108	150
The Meditations	Marcus Aurelius	12	180	151
Eclogues	Virgil	13	-38	152
Georgics	Virgil	13	-29	153
Aeneid	Virgil	13	-19	154
The Lives of the Noble Grecians and Romans	Plutarch	14	100	155
